Handle,Title,Body (HTML),Vendor,Type,Tags,Published,Option1 Name,Option1 Value,Variant SKU,Variant Grams,Variant Inventory Tracker,Variant Inventory Qty,Variant Inventory Policy,Variant Fulfillment Service,Variant Price,Variant Compare At Price,Variant Requires Shipping,Variant Taxable,Variant Weight Unit,Image Src,Image Position,Image Alt Text,Gift Card,SEO Title,SEO Description,Status
barrier-reset-cleanser,Barrier Reset Cleanser,"<p>A low-foam gel cleanser that lifts sunscreen, sweat and city grime without stripping the barrier. Buffered salicylic acid keeps pores clear; niacinamide calms the flush that usually comes with it.</p><ul><li>0.5% salicylic acid, buffered</li><li>2% niacinamide</li><li>pH 5.5, sulfate free</li><li>100 ml</li></ul>",EMBRAE,Cleanser,"skincare,cleansers,bestseller,breakouts,dullness,salicylic-acid,niacinamide",TRUE,Title,Default Title,EMB-CLN-100,160,shopify,100,deny,manual,645.00,,TRUE,TRUE,g,,,,FALSE,"Barrier Reset Cleanser | Salicylic Acid Face Wash | EMBRAE","Low-foam gel cleanser with buffered 0.5% salicylic acid and 2% niacinamide. Removes sunscreen and grime without stripping the barrier. 100 ml.",active
urban-defense-serum,Urban Defense Serum,"<p>A stabilised vitamin C serum built for Indian daylight. Pairs 10% ethyl ascorbic acid with niacinamide to fade post-acne marks and even tone, in a texture that layers under sunscreen without pilling.</p><ul><li>10% ethyl ascorbic acid</li><li>4% niacinamide</li><li>Low molecular weight hyaluronic acid</li><li>30 ml</li></ul>",EMBRAE,Serum,"skincare,serums,bestseller,dullness,pigmentation,fine-lines,vitamin-c,niacinamide,hyaluronic-acid",TRUE,Title,Default Title,EMB-SER-030,95,shopify,100,deny,manual,1295.00,,TRUE,TRUE,g,,,,FALSE,"Urban Defense Serum | 10% Vitamin C and Niacinamide | EMBRAE","Stabilised 10% ethyl ascorbic acid with 4% niacinamide. Fades post-acne marks and evens tone. Layers under sunscreen without pilling. 30 ml.",active
climate-adapt-moisturizer,Climate Adapt Moisturizer,"<p>A ceramide and squalane cream that rebuilds a barrier stripped by air conditioning, hard water and actives. Light enough for humid months, cushioned enough for winter.</p><ul><li>Ceramide NP, AP and EOP</li><li>Squalane and hyaluronic acid</li><li>Fragrance free</li><li>50 ml</li></ul>",EMBRAE,Moisturizer,"skincare,moisturizers,bestseller,dryness,sensitivity,fine-lines,ceramides,squalane,hyaluronic-acid",TRUE,Title,Default Title,EMB-MST-050,140,shopify,100,deny,manual,1095.00,,TRUE,TRUE,g,,,,FALSE,"Climate Adapt Moisturizer | Ceramide and Squalane Cream | EMBRAE","Fragrance-free ceramide and squalane cream for barriers stripped by AC, hard water and actives. Light in humidity, cushioned in winter. 50 ml.",active
daily-shield-spf50,Daily Shield SPF 50 PA++++,"<p>A mineral-led broad spectrum sunscreen with no white cast and no sting. Non-nano zinc oxide with niacinamide, in a fluid finish that sits under makeup.</p><ul><li>Broad spectrum SPF 50 PA++++</li><li>Non-nano zinc oxide</li><li>2% niacinamide</li><li>50 ml</li></ul>",EMBRAE,Sunscreen,"skincare,sunscreen,bestseller,pigmentation,sensitivity,fine-lines,zinc-oxide,niacinamide",TRUE,Title,Default Title,EMB-SUN-050,120,shopify,100,deny,manual,895.00,,TRUE,TRUE,g,,,,FALSE,"Daily Shield SPF 50 PA++++ | No White Cast | EMBRAE","Mineral-led broad spectrum SPF 50 PA++++ with non-nano zinc oxide and 2% niacinamide. No white cast, no sting, sits under makeup. 50 ml.",active
barrier-support-duo,Barrier Support Duo,"<p>Cleanse and repair. The two steps a barrier needs before anything else earns a place in the routine.</p><ul><li>Barrier Reset Cleanser 100 ml</li><li>Climate Adapt Moisturizer 50 ml</li></ul>",EMBRAE,Bundle,"skincare,bundles,dryness,sensitivity",TRUE,Title,Default Title,EMB-SET-DUO,320,shopify,40,deny,manual,1545.00,1740.00,TRUE,TRUE,g,,,,FALSE,"Barrier Support Duo | Cleanser and Moisturizer Set | EMBRAE","Barrier Reset Cleanser and Climate Adapt Moisturizer together. The two steps a stripped barrier needs first. Save on the pair.",active
am-defense-routine,AM Defense Routine,"<p>Cleanse, brighten, protect. The daylight routine, in the order it should be applied.</p><ul><li>Barrier Reset Cleanser 100 ml</li><li>Urban Defense Serum 30 ml</li><li>Daily Shield 50 ml</li></ul>",EMBRAE,Bundle,"skincare,bundles,bestseller,dullness,pigmentation",TRUE,Title,Default Title,EMB-SET-AM,400,shopify,40,deny,manual,2495.00,2835.00,TRUE,TRUE,g,,,,FALSE,"AM Defense Routine | Cleanser, Vitamin C and SPF 50 | EMBRAE","Cleanse, brighten, protect. Barrier Reset Cleanser, Urban Defense Serum and Daily Shield in the order they are applied.",active
pm-recovery-routine,PM Recovery Routine,"<p>Cleanse, treat, seal. What the skin repairs with overnight.</p><ul><li>Barrier Reset Cleanser 100 ml</li><li>Urban Defense Serum 30 ml</li><li>Climate Adapt Moisturizer 50 ml</li></ul>",EMBRAE,Bundle,"skincare,bundles,dullness,fine-lines",TRUE,Title,Default Title,EMB-SET-PM,420,shopify,40,deny,manual,2645.00,3035.00,TRUE,TRUE,g,,,,FALSE,"PM Recovery Routine | Night Routine Set | EMBRAE","Cleanse, treat, seal. Barrier Reset Cleanser, Urban Defense Serum and Climate Adapt Moisturizer for overnight repair.",active
daily-urban-defense-routine,Daily Urban Defense Routine,"<p>All four steps, morning and night, in one box. The full EMBRAE routine with nothing left to work out.</p><ul><li>Barrier Reset Cleanser 100 ml</li><li>Urban Defense Serum 30 ml</li><li>Climate Adapt Moisturizer 50 ml</li><li>Daily Shield 50 ml</li></ul>",EMBRAE,Bundle,"skincare,bundles,bestseller,dullness,dryness,pigmentation",TRUE,Title,Default Title,EMB-SET-ALL,550,shopify,40,deny,manual,3395.00,3930.00,TRUE,TRUE,g,,,,FALSE,"Daily Urban Defense Routine | Full Four-Step Skincare Set | EMBRAE","All four EMBRAE steps for morning and night in one box. Cleanser, serum, moisturizer and SPF 50, with nothing left to work out.",active
travel-essentials-pouch,Travel Essentials Pouch,"<p>The 15 ml travel size of the Climate Adapt Moisturizer. Cabin-bag legal, and the gift added to qualifying orders.</p><ul><li>Ceramide NP, AP and EOP</li><li>Squalane and hyaluronic acid</li><li>Fragrance free</li><li>15 ml</li></ul>",EMBRAE,Gift,"skincare,gift-sets,gift,dryness,sensitivity,ceramides,squalane",TRUE,Title,Default Title,EMB-MST-015,45,shopify,200,deny,manual,395.00,,TRUE,TRUE,g,,,,FALSE,"Travel Essentials Pouch 15 ml | EMBRAE","The 15 ml cabin-bag size of the ceramide and squalane Climate Adapt Moisturizer. Also the free gift on qualifying orders.",active
